{
  "version": 1,
  "author": "gabriel cortez",
  "editor": "wokwi",
  "parts": [
    { "type": "board-esp32-devkit-c-v4", "id": "esp", "top": 9.6, "left": 187.24, "attrs": {} },
    {
      "type": "wokwi-led",
      "id": "led1",
      "top": -32.4,
      "left": -15.4,
      "attrs": { "color": "red", "flip": "" }
    },
    {
      "type": "wokwi-resistor",
      "id": "r1",
      "top": 81.6,
      "left": -29.35,
      "rotate": 90,
      "attrs": { "value": "220" }
    },
    {
      "type": "wokwi-led",
      "id": "led2",
      "top": -32.4,
      "left": 23,
      "attrs": { "color": "yellow" }
    },
    {
      "type": "wokwi-resistor",
      "id": "r2",
      "top": 81.6,
      "left": 9.05,
      "rotate": 90,
      "attrs": { "value": "220" }
    },
    {
      "type": "wokwi-led",
      "id": "led3",
      "top": -32.4,
      "left": 61.4,
      "attrs": { "color": "limegreen" }
    },
    {
      "type": "wokwi-resistor",
      "id": "r3",
      "top": 72,
      "left": 47.45,
      "rotate": 90,
      "attrs": { "value": "220" }
    },
    {
      "type": "wokwi-pushbutton",
      "id": "btn1",
      "top": -10.2,
      "left": 108.6,
      "rotate": 90,
      "attrs": { "color": "green", "bounce": "1" }
    }
  ],
  "connections": [
    [ "esp:TX", "$serialMonitor:RX", "", [] ],
    [ "esp:RX", "$serialMonitor:TX", "", [] ],
    [ "led1:C", "r1:1", "green", [ "v0" ] ],
    [ "esp:26", "led1:A", "green", [ "h0" ] ],
    [ "led2:C", "r2:1", "green", [ "v0" ] ],
    [ "esp:25", "led2:A", "green", [ "v0", "h-86.25" ] ],
    [ "r3:1", "led3:C", "green", [ "h0" ] ],
    [ "led3:A", "esp:33", "green", [ "v0" ] ],
    [ "esp:GND.1", "r1:2", "black", [ "h0" ] ],
    [ "esp:GND.1", "r2:2", "black", [ "h0" ] ],
    [ "esp:GND.1", "r3:2", "black", [ "h0" ] ],
    [ "esp:34", "btn1:2.r", "green", [ "h0" ] ],
    [ "esp:5V", "btn1:1.r", "red", [ "h0" ] ]
  ],
  "dependencies": {}
}